[{"name":"KrBoard广告接口","list":[{"type":"static","res_body_is_json_schema":true,"req_body_is_json_schema":true,"res_body_type":"json","req_headers":[{"required":"1","name":"Content-Type","value":"application/x-www-form-urlencoded"}],"res_body":"{\"type\":\"object\",\"properties\":{\"data\":{\"type\":\"object\",\"description\":\"\",\"properties\":{\"cmtInfo\":{\"type\":\"object\",\"description\":\"社区信息\",\"properties\":{\"cmtName\":{\"type\":\"string\",\"description\":\"社区名称\"}}},\"activityWelfare\":{\"type\":\"object\",\"description\":\"活动福利信息\",\"properties\":{\"refresh\":{\"type\":\"boolean\",\"description\":\"是否刷新更新数据\"},\"items\":{\"type\":\"array\",\"description\":\"活动福利列表\",\"items\":{\"type\":\"object\",\"properties\":{\"faceValue\":{\"type\":\"string\",\"description\":\"福利面值\"},\"activitySignUpAvatarList\":{\"type\":\"array\",\"description\":\"活动报名人头像列表\"},\"activitySignUpCount\":{\"type\":\"number\",\"description\":\"活动报名数\"},\"type\":{\"type\":\"number\",\"description\":\"类型：1：活动；2：福利\"},\"title\":{\"type\":\"string\",\"description\":\"福利/活动标题\"},\"couponType\":{\"type\":\"string\",\"description\":\"福利类型\"},\"receiptorAvatar\":{\"type\":\"string\",\"description\":\"福利最新领取人头像\"},\"currentCmt\":{\"type\":\"boolean\",\"description\":\"是否本社区\"},\"tagList\":{\"type\":\"array\",\"description\":\"标签集合\"},\"descr\":{\"type\":\"string\",\"description\":\"福利描述\"},\"activityStatus\":{\"type\":\"string\",\"description\":\"活动状态\"},\"cover\":{\"type\":\"string\",\"description\":\"福利/活动封面\"},\"activityTime\":{\"type\":\"string\",\"description\":\"活动时间\"},\"activitySite\":{\"type\":\"string\",\"description\":\"活动地点（本社区、城市+社区（北京·酒仙桥）、线上）\"},\"receiptorName\":{\"type\":\"string\",\"description\":\"福利最新领取人名称\"}}}}}},\"notice\":{\"type\":\"object\",\"description\":\"公告信息\",\"properties\":{\"items\":{\"type\":\"array\",\"description\":\"公告\",\"items\":{\"type\":\"object\",\"properties\":{\"content\":{\"type\":\"string\",\"description\":\"公告内容\"}}}},\"refresh\":{\"type\":\"boolean\",\"description\":\"是否刷新更新数据\"}}},\"teamMember\":{\"type\":\"object\",\"description\":\"团队会员信息\",\"properties\":{\"refresh\":{\"type\":\"boolean\",\"description\":\"是否刷新更新数据\"},\"items\":{\"type\":\"array\",\"description\":\"团队会员列表\",\"items\":{\"type\":\"object\",\"properties\":{\"gender\":{\"type\":\"number\",\"description\":\"性别：1男；0女；2保密\"},\"type\":{\"type\":\"number\",\"description\":\"1:团队；2：会员\"},\"nickName\":{\"type\":\"string\",\"description\":\"昵称/团队名\"},\"community\":{\"type\":\"string\",\"description\":\"所属社区\"},\"avatar\":{\"type\":\"string\",\"description\":\"会员头像/团队logo\"},\"slogan\":{\"type\":\"string\",\"description\":\"签名\"},\"currentCmt\":{\"type\":\"boolean\",\"description\":\"是否本社区\"}}}}}},\"inDoorEnvironment\":{\"type\":\"object\",\"description\":\"室内环境信息\",\"properties\":{\"item\":{\"type\":\"object\",\"description\":\"室内环境\",\"properties\":{\"pm25\":{\"type\":\"string\",\"description\":\"PM2.5\"},\"temp\":{\"type\":\"string\",\"description\":\"温度\"},\"humidity\":{\"type\":\"string\",\"description\":\"湿度\"}}},\"refresh\":{\"type\":\"boolean\",\"description\":\"是否刷新更新数据\"}}},\"outDoorWeather\":{\"type\":\"object\",\"description\":\"室外天气信息\",\"properties\":{\"refresh\":{\"type\":\"boolean\",\"description\":\"是否刷新更新数据\"},\"item\":{\"type\":\"object\",\"description\":\"室外天气\",\"properties\":{\"icon\":{\"type\":\"string\",\"description\":\"图标\"},\"temp\":{\"type\":\"string\",\"description\":\"温度\"}}}}},\"topic\":{\"type\":\"object\",\"description\":\"帖子动态信息\",\"properties\":{\"refresh\":{\"type\":\"boolean\",\"description\":\"是否刷新更新数据\"},\"item\":{\"type\":\"object\",\"description\":\"帖子动态\",\"properties\":{\"slogan\":{\"type\":\"string\",\"description\":\"个性签名\"},\"tipUserPicList\":{\"type\":\"array\",\"description\":\"点赞人头像\"},\"topicId\":{\"type\":\"number\",\"description\":\"帖子Id\"},\"cmtName\":{\"type\":\"string\",\"description\":\"城市+社区名称\"},\"authorName\":{\"type\":\"string\",\"description\":\"会员名称\"},\"avatar\":{\"type\":\"string\",\"description\":\"头像url\"},\"authorId\":{\"type\":\"number\",\"description\":\"会员Id\"},\"replies\":{\"type\":\"array\",\"description\":\"评论及回复\",\"items\":{\"type\":\"object\",\"properties\":{\"createTime\":{\"type\":\"string\",\"description\":\"创建时间\"},\"replyerId\":{\"type\":\"number\",\"description\":\"评论人id\"},\"tipCount\":{\"type\":\"number\",\"description\":\"评论赞数\"},\"replyContent\":{\"type\":\"string\",\"description\":\"评论内容\"},\"atUserName\":{\"type\":\"string\",\"description\":\"被回复人名称\"},\"replyDate\":{\"type\":\"string\",\"description\":\"评论时间\"},\"replyId\":{\"type\":\"number\",\"description\":\"评论id\"},\"replyerAvatar\":{\"type\":\"string\",\"description\":\"评论人头像\"},\"replyerName\":{\"type\":\"string\",\"description\":\"评论人名称\"},\"atUid\":{\"type\":\"number\",\"description\":\"被回复人id\"},\"replyType\":{\"type\":\"number\",\"description\":\"1 普通评论 4回复评论\"},\"tip\":{\"type\":\"number\",\"description\":\"是否已赞1:已赞 0，未赞\"}}}},\"replyCount\":{\"type\":\"number\",\"description\":\"评论数\"},\"topicContent\":{\"type\":\"string\",\"description\":\"动态、帖子内容\"},\"imgUrlList\":{\"type\":\"array\",\"description\":\"图片地址集合\"},\"tipCount\":{\"type\":\"number\",\"description\":\"赞数量\"},\"topicDate\":{\"type\":\"string\",\"description\":\"动态显示时间\"},\"tweetSourceTitle\":{\"type\":\"string\",\"description\":\"来源标题\"},\"tweetSourceType\":{\"type\":\"number\",\"description\":\"0:\\\"无\\\";1:\\\"活动\\\";2:\\\"话题\\\";3:\\\"福利\\\";4:\\\"团队\\\"\"}}}}},\"advPic\":{\"type\":\"object\",\"description\":\"广告图片信息\",\"properties\":{\"refresh\":{\"type\":\"boolean\",\"description\":\"是否刷新更新数据\"},\"items\":{\"type\":\"array\",\"description\":\"广告图片\",\"items\":{\"type\":\"object\",\"properties\":{\"picUrl\":{\"type\":\"string\",\"description\":\"图片\"}}}}}}}},\"message\":{\"type\":\"string\",\"description\":\"\"},\"code\":{\"type\":\"number\",\"description\":\"\"}}}","method":"get","title":"局部广告-获取局部广告接口","path":"/api/gateway/krboard/advertising/content","req_query":[{"name":"firstRequest","desc":"是否第一次请求","type":"text","example":"","required":"1"},{"name":"cmtId","desc":"社区Id","type":"text","example":"","required":"1"}]},{"type":"static","res_body_is_json_schema":true,"req_body_is_json_schema":true,"res_body_type":"json","req_headers":[{"required":"1","name":"Content-Type","value":"application/x-www-form-urlencoded"}],"res_body":"{\"type\":\"object\",\"properties\":{\"code\":{\"type\":\"number\",\"description\":\"\"},\"message\":{\"type\":\"string\",\"description\":\"\"}}}","method":"get","title":"局部广告-清除广告缓存接口","path":"/api/gateway/krboard/advertising/clearRedis","req_query":[{"name":"token","desc":"dd65ca7aefe5","type":"text","example":"","required":"1"},{"name":"cmtId","desc":"社区Id","type":"text","example":"","required":"1"},{"name":"deviceId","desc":"电视设备Id","type":"text","example":"","required":"1"}]},{"type":"static","res_body_is_json_schema":true,"req_body_is_json_schema":true,"res_body_type":"json","req_headers":[{"required":"1","name":"Content-Type","value":"application/x-www-form-urlencoded"}],"res_body":"{\"type\":\"object\",\"properties\":{\"code\":{\"type\":\"number\",\"description\":\"1：成功 -1：失败\"},\"message\":{\"type\":\"string\",\"description\":\"后台反馈信息\"}}}","method":"post","title":"广告配置-广告配置保存接口（修改）","path":"/api/op/krboard/advertising/save","req_body_form":[{"name":"advName","desc":"广告名","type":"text","example":"","required":"1"},{"name":"advFee","desc":"广告费用","type":"text","example":"","required":"1"},{"name":"id","desc":"广告id","type":"text","example":"","required":"1"},{"name":"advPicUrl","desc":"广告图片","type":"text","example":"","required":"1"},{"name":"advEndTime","desc":"广告结束时间","type":"text","example":"","required":"1"},{"name":"advertisingSites","desc":"投放地点Id，多个逗号分割","type":"text","example":"","required":"1"},{"name":"advertisingType","desc":"投放类型","type":"text","example":"","required":"1"},{"name":"advBeginTime","desc":"广告开始时间","type":"text","example":"","required":"1"}],"req_body_type":"form"},{"type":"static","res_body_is_json_schema":true,"req_body_is_json_schema":true,"res_body_type":"json","req_headers":[{"required":"1","name":"Content-Type","value":"application/x-www-form-urlencoded"}],"res_body":"{\"type\":\"object\",\"properties\":{\"data\":{\"type\":\"object\",\"description\":\"\",\"properties\":{\"statusList\":{\"type\":\"array\",\"description\":\"广告状态集合\",\"items\":{\"type\":\"object\",\"properties\":{\"desc\":{\"type\":\"string\",\"description\":\"状态描述\"},\"value\":{\"type\":\"number\",\"description\":\"状态id\"}}}}}},\"code\":{\"type\":\"number\",\"description\":\"\"},\"message\":{\"type\":\"string\",\"description\":\"\"}}}","method":"get","title":"广告配置-广告状态接口","path":"/api/op/krboard/advertising/statusList","req_query":[]},{"type":"static","res_body_is_json_schema":true,"req_body_is_json_schema":true,"res_body_type":"json","req_headers":[{"required":"1","name":"Content-Type","value":"application/x-www-form-urlencoded"}],"res_body":"{\"type\":\"object\",\"properties\":{\"code\":{\"type\":\"number\",\"description\":\"1：成功 -1：失败\"},\"message\":{\"type\":\"string\",\"description\":\"后台反馈信息\"}}}","method":"post","title":"广告配置-广告配置暂停/恢复接口","path":"/api/op/krboard/advertising/pauseOrRelease","req_body_form":[{"name":"operateType","desc":"操作类型：0：暂停；1：恢复","type":"text","example":"","required":"1"},{"name":"id","desc":"广告id","type":"text","example":"","required":"1"}],"req_body_type":"form"},{"type":"static","res_body_is_json_schema":true,"req_body_is_json_schema":true,"res_body_type":"json","req_headers":[{"required":"1","name":"Content-Type","value":"application/x-www-form-urlencoded"}],"res_body":"{\"type\":\"object\",\"properties\":{\"code\":{\"type\":\"number\",\"description\":\"\"},\"message\":{\"type\":\"string\",\"description\":\"\"},\"data\":{\"type\":\"object\",\"description\":\"\",\"properties\":{\"items\":{\"type\":\"array\",\"description\":\"\",\"items\":{\"type\":\"object\",\"properties\":{\"cTime\":{\"type\":\"string\",\"description\":\"创建时间\"},\"statusDesc\":{\"type\":\"string\",\"description\":\"状态描述\"},\"id\":{\"type\":\"number\",\"description\":\"广告id\"},\"advertisingType\":{\"type\":\"object\",\"description\":\"ALL(0, \\\"全国\\\"),     PARTCITY(1, \\\"部分城市\\\"),     PARTCOMMUNITY(2, \\\"部分社区\\\")\"},\"advName\":{\"type\":\"string\",\"description\":\"广告名称\"},\"advFee\":{\"type\":\"number\",\"description\":\"广告费\"},\"status\":{\"type\":\"number\",\"description\":\"状态\"},\"advEndTime\":{\"type\":\"string\",\"description\":\"广告结束时间\"},\"advPicUrl\":{\"type\":\"string\",\"description\":\"广告图\"},\"showCount\":{\"type\":\"number\",\"description\":\"曝光次数\"},\"advBeginTime\":{\"type\":\"string\",\"description\":\"广告开始时间\"},\"creator\":{\"type\":\"string\",\"description\":\"创建人\"}}}}}}}}","method":"get","title":"广告配置-广告配置分页列表查询接口（修改）","path":"/api/op/krboard/advertising/pageList","req_query":[{"name":"pageSize","desc":"分页大小","type":"text","example":"","required":"1"},{"name":"creator","desc":"创建人","type":"text","example":"","required":"1"},{"name":"page","desc":"页码","type":"text","example":"","required":"1"},{"name":"status","desc":"状态：1：待投放；2：投放中；3：暂停投放；4：投放结束","type":"text","example":"","required":"1"},{"name":"createDateBegin","desc":"创建开始时间","type":"text","example":"","required":"1"},{"name":"cityId","desc":"投放城市Id","type":"text","example":"","required":"1"},{"name":"advName","desc":"广告名","type":"text","example":"","required":"1"},{"name":"communityId","desc":"社区Id","type":"text","example":"","required":"1"},{"name":"createDateEnd","desc":"创建结束时间","type":"text","example":"","required":"1"}]},{"type":"static","res_body_is_json_schema":true,"req_body_is_json_schema":true,"res_body_type":"json","req_headers":[{"required":"1","name":"Content-Type","value":"application/x-www-form-urlencoded"}],"res_body":"{\"type\":\"object\",\"properties\":{\"data\":{\"type\":\"object\",\"description\":\"\",\"properties\":{\"status\":{\"type\":\"number\",\"description\":\"状态\"},\"advPicUrl\":{\"type\":\"string\",\"description\":\"广告图片\"},\"showCount\":{\"type\":\"number\",\"description\":\"曝光次数\"},\"advEndTime\":{\"type\":\"string\",\"description\":\"广告结束时间\"},\"advBeginTime\":{\"type\":\"string\",\"description\":\"广告开始时间\"},\"communityName\":{\"type\":\"string\",\"description\":\"所属社区\"},\"advertisingSites\":{\"type\":\"array\",\"description\":\"投放地点集合\",\"items\":{\"type\":\"object\",\"properties\":{\"advertisingSiteId\":{\"type\":\"number\",\"description\":\"\"},\"advertisingSiteName\":{\"type\":\"string\",\"description\":\"\"}}}},\"advFee\":{\"type\":\"number\",\"description\":\"费用\"},\"id\":{\"type\":\"number\",\"description\":\"主键id\"},\"advertisingType\":{\"type\":\"object\",\"description\":\"投放类型 0全国 1部分城市 2部分社区\"},\"advName\":{\"type\":\"string\",\"description\":\"广告名\"},\"statusDesc\":{\"type\":\"string\",\"description\":\"状态描述\"},\"communityId\":{\"type\":\"number\",\"description\":\"所属社区Id\"}}},\"code\":{\"type\":\"number\",\"description\":\"\"},\"message\":{\"type\":\"string\",\"description\":\"\"}}}","method":"get","title":"广告配置-广告配置详情接口","path":"/api/op/krboard/advertising/detail（修改）","req_query":[{"name":"advId","desc":"广告Id","type":"text","example":"","required":"1"}]},{"type":"static","res_body_is_json_schema":true,"req_body_is_json_schema":true,"res_body_type":"json","req_headers":[{"required":"1","name":"Content-Type","value":"application/x-www-form-urlencoded"}],"res_body":"{\"type\":\"object\",\"properties\":{\"code\":{\"type\":\"number\",\"description\":\"\"},\"message\":{\"type\":\"string\",\"description\":\"\"},\"data\":{\"type\":\"object\",\"description\":\"\",\"properties\":{\"advertisingTypeList\":{\"type\":\"array\",\"description\":\"投放类型集合\",\"items\":{\"type\":\"object\",\"properties\":{\"label\":{\"type\":\"string\",\"description\":\"描述\"},\"value\":{\"type\":\"number\",\"description\":\"id\"}}}}}}}}","method":"get","title":"广告配置-投放类型接口（新增）","path":"/api/op/krboard/advertising/advertising-type-list","req_query":[]},{"type":"static","res_body_is_json_schema":true,"req_body_is_json_schema":true,"res_body_type":"json","req_headers":[{"required":"1","name":"Content-Type","value":"application/x-www-form-urlencoded"}],"res_body":"{\"type\":\"object\",\"properties\":{\"data\":{\"type\":\"array\",\"description\":\"\",\"items\":{\"type\":\"object\",\"properties\":{\"name\":{\"type\":\"string\",\"description\":\"名称\"},\"id\":{\"type\":\"number\",\"description\":\"Id\"}}}},\"message\":{\"type\":\"string\",\"description\":\"\"},\"code\":{\"type\":\"number\",\"description\":\"\"}}}","method":"get","title":"广告配置-广告投放城市接口","path":"/api/op/krboard/advertising/citys（新增）","req_query":[]},{"type":"static","res_body_is_json_schema":true,"req_body_is_json_schema":true,"res_body_type":"json","req_headers":[{"required":"1","name":"Content-Type","value":"application/x-www-form-urlencoded"}],"res_body":"{\"type\":\"object\",\"properties\":{\"message\":{\"type\":\"string\",\"description\":\"\"},\"data\":{\"type\":\"object\",\"description\":\"\",\"properties\":{\"items\":{\"type\":\"array\",\"description\":\"\",\"items\":{\"type\":\"object\",\"properties\":{\"deviceId\":{\"type\":\"string\",\"description\":\"设备编码\"},\"lastNetworkingTime\":{\"type\":\"object\",\"description\":\"最后连网时间\"},\"floorShow\":{\"type\":\"string\",\"description\":\"楼层显示\"},\"remark\":{\"type\":\"string\",\"description\":\"备注\"},\"communityId\":{\"type\":\"number\",\"description\":\"社区Id\"},\"deviceBrandShow\":{\"type\":\"string\",\"description\":\"设备品牌\"},\"deviceSize\":{\"type\":\"number\",\"description\":\"设备尺寸\"},\"floor\":{\"type\":\"number\",\"description\":\"楼层\"},\"networkingState\":{\"type\":\"number\",\"description\":\"连网状态\"},\"communityName\":{\"type\":\"string\",\"description\":\"社区名称\"},\"deviceBrand\":{\"type\":\"number\",\"description\":\"设备品牌\"},\"id\":{\"type\":\"number\",\"description\":\"主键Id\"}}}}}},\"code\":{\"type\":\"number\",\"description\":\"\"}}}","method":"get","title":"广告设备配置-广告设备分页列表查询接口","path":"/api/op/krboard/device/list","req_query":[{"name":"deviceCode","desc":"设备编码","type":"text","example":"","required":"1"},{"name":"communityId","desc":"社区Id","type":"text","example":"","required":"1"},{"name":"networkState","desc":"连网状态","type":"text","example":"","required":"1"}]},{"type":"static","res_body_is_json_schema":true,"req_body_is_json_schema":true,"res_body_type":"json","req_headers":[{"required":"1","name":"Content-Type","value":"application/x-www-form-urlencoded"}],"res_body":"{\"type\":\"object\",\"properties\":{\"code\":{\"type\":\"number\",\"description\":\"1：成功 -1：失败\"},\"message\":{\"type\":\"string\",\"description\":\"后台反馈信息\"}}}","method":"post","title":"广告设备配置-广告设备保存接口","path":"/api/op/krboard/device/save","req_body_form":[{"name":"communityId","desc":"社区Id","type":"text","example":"","required":"1"},{"name":"deviceId","desc":"设备编码","type":"text","example":"","required":"1"},{"name":"remark","desc":"备注","type":"text","example":"","required":"1"},{"name":"deviceBrand","desc":"品牌Id","type":"text","example":"","required":"1"},{"name":"floor","desc":"所在楼层","type":"text","example":"","required":"1"},{"name":"deviceSize","desc":"设备尺寸","type":"text","example":"","required":"1"},{"name":"id","desc":"主键","type":"text","example":"","required":"1"}],"req_body_type":"form"},{"type":"static","res_body_is_json_schema":true,"req_body_is_json_schema":true,"res_body_type":"json","req_headers":[{"required":"1","name":"Content-Type","value":"application/x-www-form-urlencoded"}],"res_body":"{\"type\":\"object\",\"properties\":{\"message\":{\"type\":\"string\",\"description\":\"后台反馈信息\"},\"code\":{\"type\":\"number\",\"description\":\"1：成功 -1：失败\"},\"data\":{\"type\":\"object\",\"description\":\"\"}}}","method":"post","title":"广告设备配置-设备删除接口","path":"/api/op/krboard/device/delete","req_body_form":[{"name":"id","desc":"广告id","type":"text","example":"","required":"1"}],"req_body_type":"form"},{"type":"static","res_body_is_json_schema":true,"req_body_is_json_schema":true,"res_body_type":"json","req_headers":[{"required":"1","name":"Content-Type","value":"application/x-www-form-urlencoded"}],"res_body":"{\"type\":\"object\",\"properties\":{\"message\":{\"type\":\"string\",\"description\":\"\"},\"data\":{\"type\":\"object\",\"description\":\"\",\"properties\":{\"id\":{\"type\":\"number\",\"description\":\"主键id\"},\"deviceSize\":{\"type\":\"number\",\"description\":\"设备尺寸\"},\"deviceBrand\":{\"type\":\"number\",\"description\":\"设备品牌\"},\"remark\":{\"type\":\"string\",\"description\":\"备注\"},\"deviceId\":{\"type\":\"string\",\"description\":\"设备编码\"},\"communityId\":{\"type\":\"number\",\"description\":\"所属社区Id\"},\"floor\":{\"type\":\"number\",\"description\":\"所在楼层\"}}},\"code\":{\"type\":\"number\",\"description\":\"\"}}}","method":"get","title":"广告设备配置-设备配置详情接口","path":"/api/op/krboard/device/detail","req_query":[{"name":"id","desc":"设备Id","type":"text","example":"","required":"1"}]},{"type":"static","res_body_is_json_schema":true,"req_body_is_json_schema":true,"res_body_type":"json","req_headers":[{"required":"1","name":"Content-Type","value":"application/x-www-form-urlencoded"}],"res_body":"{\"type\":\"object\",\"properties\":{\"data\":{\"type\":\"object\",\"description\":\"\",\"properties\":{\"brandList\":{\"type\":\"array\",\"description\":\"设备品牌集合\",\"items\":{\"type\":\"object\",\"properties\":{\"label\":{\"type\":\"string\",\"description\":\"品牌描述\"},\"value\":{\"type\":\"number\",\"description\":\"品牌Id\"}}}}}},\"message\":{\"type\":\"string\",\"description\":\"\"},\"code\":{\"type\":\"number\",\"description\":\"\"}}}","method":"get","title":"广告设备配置-设备品牌接口","path":"/api/op/krboard/device/brand-list","req_query":[]},{"type":"static","res_body_is_json_schema":true,"req_body_is_json_schema":true,"res_body_type":"json","req_headers":[{"required":"1","name":"Content-Type","value":"application/x-www-form-urlencoded"}],"res_body":"{\"type\":\"object\",\"properties\":{\"code\":{\"type\":\"number\",\"description\":\"\"},\"message\":{\"type\":\"string\",\"description\":\"\"},\"data\":{\"type\":\"object\",\"description\":\"\",\"properties\":{\"networkingStateList\":{\"type\":\"array\",\"description\":\"连网状态集合\",\"items\":{\"type\":\"object\",\"properties\":{\"label\":{\"type\":\"string\",\"description\":\"描述\"},\"value\":{\"type\":\"number\",\"description\":\"Id\"}}}}}}}}","method":"get","title":"广告设备配置-连网状态接口","path":"/api/op/krboard/device/networking-state-list","req_query":[]},{"type":"static","res_body_is_json_schema":true,"req_body_is_json_schema":true,"res_body_type":"json","req_headers":[{"required":"1","name":"Content-Type","value":"application/x-www-form-urlencoded"}],"res_body":"{\"type\":\"object\",\"properties\":{\"message\":{\"type\":\"string\",\"description\":\"\"},\"data\":{\"type\":\"object\",\"description\":\"\",\"properties\":{\"floorList\":{\"type\":\"array\",\"description\":\"楼层集合\",\"items\":{\"type\":\"object\",\"properties\":{\"value\":{\"type\":\"number\",\"description\":\"\"},\"label\":{\"type\":\"string\",\"description\":\"显示值\"}}}}}},\"code\":{\"type\":\"number\",\"description\":\"\"}}}","method":"get","title":"广告设备配置-获取社区楼层接口","path":"/api/op/krboard/device/floor-list","req_query":[{"name":"cmtId","desc":"社区Id","type":"text","example":"","required":"1"}]}]},{"name":"TV广告","list":[{"type":"static","res_body_is_json_schema":true,"req_body_is_json_schema":true,"res_body_type":"json","req_headers":[{"required":"1","name":"Content-Type","value":"application/x-www-form-urlencoded"}],"res_body":"{\"type\":\"object\",\"properties\":{\"data\":{\"type\":\"object\",\"description\":\"\",\"properties\":{\"lastModified\":{\"type\":\"number\",\"description\":\"\"},\"commonAdList\":{\"type\":\"array\",\"description\":\"\",\"items\":{\"type\":\"object\",\"properties\":{\"imgUrl\":{\"type\":\"string\",\"description\":\"图片地址\"},\"fileId\":{\"type\":\"number\",\"description\":\"文件id\"},\"imgName\":{\"type\":\"string\",\"description\":\"图片名称\"}}}},\"communityAdList\":{\"type\":\"array\",\"description\":\"\",\"items\":{\"type\":\"object\",\"properties\":{\"imgUrl\":{\"type\":\"string\",\"description\":\"\"},\"imgName\":{\"type\":\"string\",\"description\":\"\"},\"fileId\":{\"type\":\"number\",\"description\":\"\"}}}}}},\"code\":{\"type\":\"number\",\"description\":\"403表示不需要更新\"},\"message\":{\"type\":\"string\",\"description\":\"\"}}}","method":"get","title":"app-获取广告列表","path":"/api/iot-platform/open/ad/tv/list","req_query":[{"name":"lastModified","desc":"","type":"text","example":"","required":"1"},{"name":"communityId","desc":"社区id","type":"text","example":"","required":"1"},{"name":"serialNo","desc":"硬件编号","type":"text","example":"","required":"1"}]},{"type":"static","res_body_is_json_schema":true,"req_body_is_json_schema":true,"res_body_type":"json","req_headers":[{"required":"1","name":"Content-Type","value":"application/x-www-form-urlencoded"}],"res_body":"{\"type\":\"object\",\"properties\":{\"data\":{\"type\":\"object\",\"description\":\"\",\"properties\":{\"citys\":{\"type\":\"array\",\"description\":\"\",\"items\":{\"type\":\"object\",\"properties\":{\"id\":{\"type\":\"number\",\"description\":\"城市id\"},\"communitys\":{\"type\":\"array\",\"description\":\"\",\"items\":{\"type\":\"object\",\"properties\":{\"cmtId\":{\"type\":\"number\",\"description\":\"社区id\"},\"cmtName\":{\"type\":\"string\",\"description\":\"社区名称\"}}}},\"name\":{\"type\":\"string\",\"description\":\"城市名称\"}}}}}},\"message\":{\"type\":\"string\",\"description\":\"\"},\"code\":{\"type\":\"number\",\"description\":\"\"}}}","method":"get","title":"app-获取所有社区列表","path":"/api/iot-platform/open/common/community/list","req_query":[]},{"type":"static","res_body_is_json_schema":true,"req_body_is_json_schema":true,"res_body_type":"json","req_headers":[{"required":"1","name":"Content-Type","value":"application/x-www-form-urlencoded"}],"res_body":"{\"type\":\"object\",\"properties\":{\"code\":{\"type\":\"number\",\"description\":\"@mock=1\"},\"message\":{\"type\":\"string\",\"description\":\"@mock=ok\"},\"data\":{\"type\":\"object\",\"description\":\"\"}}}","method":"post","title":"图库管理（数据权限）-创建图库","path":"/api/iot-platform/tv-ad-storage/actions/create","req_body_form":[{"name":"communityId","desc":"必填","type":"text","example":"","required":"1"}],"req_body_type":"form"},{"type":"static","res_body_is_json_schema":true,"req_body_is_json_schema":true,"res_body_type":"json","req_headers":[{"required":"1","name":"Content-Type","value":"application/x-www-form-urlencoded"}],"res_body":"{\"type\":\"object\",\"properties\":{\"message\":{\"type\":\"string\",\"description\":\"@mock=ok\"},\"data\":{\"type\":\"object\",\"description\":\"\",\"properties\":{\"totalCount\":{\"type\":\"number\",\"description\":\"\"},\"pageSize\":{\"type\":\"number\",\"description\":\"\"},\"items\":{\"type\":\"array\",\"description\":\"\",\"items\":{\"type\":\"object\",\"properties\":{\"lasEditUser\":{\"type\":\"number\",\"description\":\"最后一次编辑人\"},\"id\":{\"type\":\"number\",\"description\":\"图库id\"},\"lastEditTime\":{\"type\":\"number\",\"description\":\"最后一次编辑时间\"},\"imgCount\":{\"type\":\"number\",\"description\":\"图片数量\"},\"name\":{\"type\":\"string\",\"description\":\"图库名称\"}}}},\"page\":{\"type\":\"number\",\"description\":\"\"}}},\"code\":{\"type\":\"number\",\"description\":\"@mock=1\"}}}","method":"get","title":"图库管理（数据权限）-图库列表","path":"/api/iot-platform/tv-ad-storage/actions/list","req_query":[{"name":"communityId","desc":"社区id","type":"text","example":"","required":"1"}]},{"type":"static","res_body_is_json_schema":true,"req_body_is_json_schema":true,"res_body_type":"json","req_headers":[{"required":"1","name":"Content-Type","value":"application/x-www-form-urlencoded"}],"res_body":"{\"type\":\"object\",\"properties\":{\"message\":{\"type\":\"string\",\"description\":\"@mock=ok\"},\"code\":{\"type\":\"number\",\"description\":\"@mock=1\"},\"data\":{\"type\":\"array\",\"description\":\"\",\"items\":{\"type\":\"object\",\"properties\":{\"cmtName\":{\"type\":\"string\",\"description\":\"社区名称\"},\"cmtId\":{\"type\":\"number\",\"description\":\"社区主键\"}}}}}}","method":"get","title":"图库管理（数据权限）-社区下拉","path":"/api/iot-platform/community/select-items","req_query":[{"name":"name","desc":"社区名称","type":"text","example":"","required":"1"}]},{"type":"static","res_body_is_json_schema":true,"req_body_is_json_schema":true,"res_body_type":"json","req_headers":[{"required":"1","name":"Content-Type","value":"application/x-www-form-urlencoded"}],"res_body":"{\"type\":\"object\",\"properties\":{\"code\":{\"type\":\"number\",\"description\":\"\"},\"data\":{\"type\":\"object\",\"description\":\"\",\"properties\":{\"callback\":{\"type\":\"string\",\"description\":\"\"},\"uid\":{\"type\":\"number\",\"description\":\"\"},\"sign\":{\"type\":\"string\",\"description\":\"\"},\"expireAt\":{\"type\":\"number\",\"description\":\"\"},\"serverUrl\":{\"type\":\"string\",\"description\":\"\"},\"maxSizeKb\":{\"type\":\"number\",\"description\":\"\"},\"pathPrefix\":{\"type\":\"string\",\"description\":\"\"},\"policy\":{\"type\":\"string\",\"description\":\"\"},\"ossAccessKeyId\":{\"type\":\"string\",\"description\":\"\"}}},\"message\":{\"type\":\"string\",\"description\":\"\"}}}","method":"get","title":"图库管理（数据权限）-获取上传文件令牌","path":"/api/sso/common/upload-policy","req_query":[{"name":"category","desc":"文件分类（ad/tv）","type":"text","example":"","required":"1"},{"name":"isPublic","desc":"文件是否是公有和私有文件","type":"text","example":"","required":"1"}]},{"type":"static","res_body_is_json_schema":true,"req_body_is_json_schema":true,"res_body_type":"json","req_headers":[{"required":"1","name":"Content-Type","value":"application/x-www-form-urlencoded"}],"res_body":"{\"type\":\"object\",\"properties\":{\"data\":{\"type\":\"object\",\"description\":\"\",\"properties\":{\"name\":{\"type\":\"string\",\"description\":\"@mock=朝阳公园社区图库\"},\"id\":{\"type\":\"number\",\"description\":\"@mock=3\"}}},\"message\":{\"type\":\"string\",\"description\":\"@mock=ok\"},\"code\":{\"type\":\"number\",\"description\":\"@mock=1\"}}}","method":"get","title":"图库管理（数据权限）-获取图库信息","path":"/api/iot-platform/tv-ad-storage/actions/find","req_query":[{"name":"storageId","desc":"图库id","type":"text","example":"","required":"1"}]},{"type":"static","res_body_is_json_schema":true,"req_body_is_json_schema":true,"res_body_type":"json","req_headers":[{"required":"1","name":"Content-Type","value":"application/x-www-form-urlencoded"}],"res_body":"{\"type\":\"object\",\"properties\":{\"data\":{\"type\":\"object\",\"description\":\"\"},\"code\":{\"type\":\"number\",\"description\":\"@mock=1\"},\"message\":{\"type\":\"string\",\"description\":\"@mock=ok\"}}}","method":"post","title":"编辑图库-图片保存","path":"/api/iot-platform/tv-ad-storage-file/actions/create","req_body_form":[{"name":"fileIds","desc":"必填","type":"text","example":"","required":"1"},{"name":"storageId","desc":"必填","type":"text","example":"","required":"1"}],"req_body_type":"form"},{"type":"static","res_body_is_json_schema":true,"req_body_is_json_schema":true,"res_body_type":"json","req_headers":[{"required":"1","name":"Content-Type","value":"application/x-www-form-urlencoded"}],"res_body":"{\"type\":\"object\",\"properties\":{\"code\":{\"type\":\"number\",\"description\":\"@mock=1\"},\"message\":{\"type\":\"string\",\"description\":\"@mock=ok\"},\"data\":{\"type\":\"object\",\"description\":\"\",\"properties\":{\"page\":{\"type\":\"number\",\"description\":\"\"},\"pageSize\":{\"type\":\"number\",\"description\":\"\"},\"totalCount\":{\"type\":\"number\",\"description\":\"\"},\"items\":{\"type\":\"array\",\"description\":\"\",\"items\":{\"type\":\"object\",\"properties\":{\"size\":{\"type\":\"number\",\"description\":\"文件大小\"},\"fileName\":{\"type\":\"number\",\"description\":\"名称\"},\"fileId\":{\"type\":\"number\",\"description\":\"文件id\"},\"ctime\":{\"type\":\"number\",\"description\":\"创建时间\"},\"id\":{\"type\":\"number\",\"description\":\"图库文件id\"},\"fileUrl\":{\"type\":\"string\",\"description\":\"图片地址\"}}}}}}}}","method":"get","title":"编辑图库-图库文件列表","path":"/api/iot-platform/tv-ad-storage-file/actions/list","req_query":[{"name":"storageId","desc":"必填","type":"text","example":"","required":"1"}]},{"type":"static","res_body_is_json_schema":true,"req_body_is_json_schema":true,"res_body_type":"json","req_headers":[{"required":"1","name":"Content-Type","value":"application/x-www-form-urlencoded"}],"res_body":"{\"type\":\"object\",\"properties\":{\"code\":{\"type\":\"number\",\"description\":\"@mock=1\"},\"data\":{\"type\":\"object\",\"description\":\"\"},\"message\":{\"type\":\"string\",\"description\":\"@mock=ok\"}}}","method":"delete","title":"编辑图库-图片删除","path":"/api/iot-platform/tv-ad-storage-file/actions/delete","req_query":[{"name":"ids","desc":"必填","type":"text","example":"","required":"1"}]}]}]